,Year,N11,N12,N13,N14,N15,N16,N17,N18,N19,N110,N111,N112,N21,N22,N23,N24,N25,N26,N27,N28,N29,N210,N211,N212,Population,Area,Zone1_n,Zone2_c,Zone3_s
高雄市苓雅區,101,0,1,0,0,1,1,0,2,0,0,0,0,0,1,0,0,0,0,0,0,0,0,0,0,179512,8.15,0,0,1
高雄市旗津區,101,0,0,0,0,0,0,0,0,1,0,0,0,0,0,0,0,0,0,0,0,0,0,0,0,29468,1.46,0,0,1
高雄市三民區,101,0,0,0,0,1,1,1,0,0,0,2,1,0,0,1,0,1,0,0,1,0,0,0,0,349710,19.79,0,0,1
高雄市新興區,101,0,0,0,0,1,0,0,0,0,0,0,0,0,0,0,0,0,0,0,0,0,0,0,0,53749,1.98,0,0,1
高雄市鹽埕區,101,0,0,0,0,0,0,0,0,0,0,0,0,0,0,0,0,0,0,0,0,0,0,0,0,26222,1.42,0,0,1
臺北市大安區,101,0,2,0,0,1,0,0,0,0,0,0,0,0,0,0,0,0,1,0,0,0,0,1,0,313426,11.36,1,0,0
臺北市大同區,101,0,0,0,0,0,0,0,0,0,0,0,0,0,1,0,0,0,0,0,0,0,0,2,0,128809,5.68,1,0,0
臺北市松山區,101,1,2,0,0,0,0,0,0,0,0,0,1,0,0,0,0,0,0,0,0,0,0,0,0,210905,9.29,1,0,0
臺北市萬華區,101,0,0,2,0,1,0,0,0,0,2,2,1,0,0,0,0,0,0,1,1,0,0,0,0,192628,8.85,1,0,0
臺北市信義區,101,0,0,0,0,0,0,0,0,0,0,0,0,0,0,0,0,0,0,0,0,0,0,0,0,227734,11.21,1,0,0
臺北市中山區,101,0,0,0,0,1,0,1,0,0,0,0,0,0,3,0,0,1,0,0,0,0,1,0,0,226659,13.68,1,0,0
臺北市中正區,101,0,0,0,0,1,0,0,0,0,0,0,1,0,0,0,0,0,0,0,0,0,0,0,1,162154,7.61,1,0,0
臺中市北區,101,0,0,0,0,0,0,0,1,0,0,0,0,1,0,0,0,0,1,0,0,0,1,1,0,147798,6.94,0,1,0
臺中市南區,101,2,0,1,0,0,0,0,0,0,1,0,0,0,0,2,0,0,0,0,0,0,0,0,0,116807,6.81,0,1,0
臺中市西區,101,1,0,0,0,0,0,1,0,0,1,0,2,0,0,0,0,0,0,0,0,0,0,1,0,116784,5.7,0,1,0
臺中市中區,101,0,0,0,0,0,0,0,0,0,0,0,0,0,0,0,0,0,0,0,0,0,1,0,0,20647,0.88,0,1,0
新北市板橋區,101,0,0,1,1,0,1,0,0,1,0,0,1,1,0,0,0,0,0,0,0,0,0,1,0,557440,23.14,1,0,0
新北市蘆洲區,101,0,0,0,0,0,0,0,0,0,0,0,0,1,0,0,0,0,0,0,1,0,0,0,0,199490,7.44,1,0,0
新北市三重區,101,0,0,1,0,2,0,0,0,1,0,1,0,0,0,0,0,1,0,0,0,1,0,0,0,390090,16.32,1,0,0
新北市新莊區,101,0,0,0,1,0,0,0,0,1,1,0,0,0,1,0,1,0,0,0,0,1,0,0,0,407012,19.74,1,0,0
新北市永和區,101,0,1,0,0,0,0,0,0,0,1,0,1,0,0,0,0,0,1,0,0,0,0,0,0,230768,5.71,1,0,0
新北市中和區,101,0,0,0,0,0,0,1,1,0,1,1,1,0,0,0,0,1,0,0,0,0,0,0,0,416499,20.14,1,0,0
高雄市苓雅區,102,2,0,0,0,0,0,0,0,0,0,0,0,0,0,0,0,0,0,0,0,0,0,0,0,177716,8.15,0,0,1
高雄市旗津區,102,0,0,0,0,1,0,0,0,0,0,0,0,0,0,0,0,0,0,0,0,0,0,0,0,29040,1.46,0,0,1
高雄市三民區,102,0,0,0,0,0,1,1,0,0,0,0,2,1,0,0,0,0,0,0,0,0,0,1,0,348488,19.79,0,0,1
高雄市新興區,102,0,1,0,0,0,0,0,0,1,1,0,1,0,0,0,0,0,0,0,0,0,0,0,0,53170,1.98,0,0,1
高雄市鹽埕區,102,0,0,0,0,0,0,0,0,0,0,0,0,0,0,0,0,0,0,0,0,0,0,0,0,25847,1.42,0,0,1
臺北市大安區,102,0,0,0,0,0,0,0,0,1,0,0,0,0,0,0,0,0,0,0,0,0,0,0,0,313363,11.36,1,0,0
臺北市大同區,102,0,0,0,0,0,0,0,0,1,0,0,0,0,0,0,0,0,0,0,0,0,0,0,1,129820,5.68,1,0,0
臺北市松山區,102,0,0,0,0,0,0,0,0,0,0,0,1,0,0,0,0,0,1,0,0,0,0,0,0,210343,9.29,1,0,0
臺北市萬華區,102,0,0,0,1,0,1,1,1,1,1,0,1,0,0,0,0,1,0,0,1,0,0,0,0,193480,8.85,1,0,0
臺北市信義區,102,0,0,0,0,0,0,0,0,0,0,0,0,0,0,0,0,0,0,0,0,0,0,0,0,228496,11.21,1,0,0
臺北市中山區,102,0,0,0,1,0,0,0,0,0,0,0,0,2,0,0,0,0,0,2,0,2,0,1,0,228753,13.68,1,0,0
臺北市中正區,102,0,0,0,0,1,0,0,0,0,0,1,0,0,0,0,0,0,0,0,0,0,0,0,0,163140,7.61,1,0,0
臺中市北區,102,0,0,0,0,0,0,0,0,0,0,0,0,1,0,0,0,0,0,1,0,0,0,0,0,147880,6.94,0,1,0
臺中市南區,102,0,0,0,0,0,0,1,1,0,0,0,1,0,0,0,1,0,0,0,0,0,0,0,0,118349,6.81,0,1,0
臺中市西區,102,0,1,0,0,0,1,0,0,0,0,0,0,0,0,0,0,0,0,0,0,0,0,1,0,116397,5.7,0,1,0
臺中市中區,102,0,0,0,0,0,0,0,0,0,0,0,0,0,0,0,0,0,0,0,0,0,0,0,0,20008,0.88,0,1,0
新北市板橋區,102,0,1,0,3,1,0,0,1,0,0,0,0,0,0,1,0,0,0,0,0,0,0,0,0,556920,23.14,1,0,0
新北市蘆洲區,102,0,0,1,0,0,0,0,0,0,0,1,0,0,1,0,0,0,0,0,0,0,0,0,0,199426,7.44,1,0,0
新北市三重區,102,0,0,0,0,0,0,0,0,2,2,0,0,0,0,0,0,0,0,0,0,0,0,0,0,389813,16.32,1,0,0
新北市新莊區,102,0,1,1,0,0,0,0,1,0,0,0,0,0,0,1,0,0,0,0,0,0,0,0,0,409760,19.74,1,0,0
新北市永和區,102,0,0,1,0,0,1,0,0,0,0,1,0,0,0,0,0,0,0,0,0,0,0,0,0,229062,5.71,1,0,0
新北市中和區,102,0,0,0,0,0,0,0,0,0,0,1,0,1,0,0,0,0,0,0,0,0,0,0,0,415742,20.14,1,0,0
高雄市苓雅區,103,0,0,0,0,0,0,0,0,0,0,0,0,0,0,0,0,1,0,0,0,0,1,0,0,175854,8.15,0,0,1
高雄市旗津區,103,0,0,0,0,0,1,1,0,0,0,0,0,0,0,0,0,0,0,0,0,0,0,0,0,28958,1.46,0,0,1
高雄市三民區,103,0,0,1,1,0,2,2,0,0,1,0,0,1,0,1,0,2,0,0,1,0,0,0,1,347619,19.79,0,0,1
高雄市新興區,103,0,0,0,0,0,0,0,0,0,0,0,0,1,0,0,0,0,0,0,0,0,0,0,0,52534,1.98,0,0,1
高雄市鹽埕區,103,0,0,0,0,0,0,0,0,0,0,0,0,0,0,0,0,0,0,0,0,0,0,0,0,25400,1.42,0,0,1
臺北市大安區,103,0,0,0,0,0,0,0,0,1,0,0,0,1,0,0,1,0,0,0,0,0,0,0,0,313693,11.36,1,0,0
臺北市大同區,103,0,0,0,0,0,0,0,0,0,0,1,0,0,0,0,0,0,0,0,0,1,1,0,0,130973,5.68,1,0,0
臺北市松山區,103,0,0,0,0,0,0,0,1,0,0,1,0,0,0,0,0,0,0,0,0,0,0,0,0,210473,9.29,1,0,0
臺北市萬華區,103,0,0,0,0,1,0,0,0,0,0,1,0,0,0,0,1,0,0,0,0,0,0,0,1,194715,8.85,1,0,0
臺北市信義區,103,0,0,0,0,0,0,0,1,0,0,0,0,0,0,0,0,0,0,0,0,1,0,0,0,229657,11.21,1,0,0
臺北市中山區,103,1,0,0,0,0,1,0,0,0,0,0,0,0,0,0,0,0,0,0,0,0,0,1,0,163388,7.61,1,0,0
臺北市中正區,103,0,0,1,0,0,1,0,0,1,0,0,0,1,0,0,0,0,0,1,0,0,0,0,0,230496,13.68,1,0,0
臺中市北區,103,0,0,0,0,0,0,0,0,0,0,0,0,0,0,0,0,0,0,0,0,0,0,0,0,147471,6.94,0,1,0
臺中市南區,103,0,0,0,0,0,0,1,0,0,0,0,0,0,1,0,0,0,0,1,0,0,0,0,0,120128,6.81,0,1,0
臺中市西區,103,1,0,0,0,0,0,2,0,0,0,0,0,1,0,0,0,0,0,0,0,0,0,0,0,115731,5.7,0,1,0
臺中市中區,103,0,0,0,0,0,0,0,0,0,0,0,0,0,0,0,0,0,0,0,0,0,0,0,0,19323,0.88,0,1,0
新北市板橋區,103,0,0,1,1,1,0,0,0,0,2,0,0,0,0,0,0,0,0,0,1,0,1,0,0,555914,23.14,1,0,0
新北市蘆洲區,103,0,0,0,0,0,0,0,0,0,0,0,1,0,0,0,0,1,0,0,0,0,0,0,0,199750,7.44,1,0,0
新北市三重區,103,1,0,0,0,0,0,0,0,0,1,1,0,0,0,0,0,0,0,0,0,0,0,0,0,389325,16.32,1,0,0
新北市新莊區,103,0,0,0,1,0,0,0,0,0,0,0,1,0,0,0,0,0,0,0,0,0,0,0,0,411711,19.74,1,0,0
新北市永和區,103,0,0,1,0,1,0,0,0,0,0,0,0,0,1,0,0,0,0,0,0,0,1,0,0,227267,5.71,1,0,0
新北市中和區,103,0,0,0,0,0,1,0,0,1,1,0,0,0,0,0,0,0,0,0,0,0,0,0,0,415226,20.14,1,0,0
高雄市苓雅區,104,0,0,0,0,0,0,0,0,1,1,0,0,0,1,1,0,0,0,0,0,1,0,0,0,174515,8.15,0,0,1
高雄市旗津區,104,0,0,0,0,0,0,0,0,0,0,0,0,0,0,0,0,0,0,0,0,0,0,0,0,29008,1.46,0,0,1
高雄市三民區,104,0,0,0,0,0,1,0,0,0,1,0,1,0,0,1,0,0,0,0,1,0,0,0,0,346169,19.79,0,0,1
高雄市新興區,104,0,0,0,0,0,0,0,0,1,0,0,0,0,0,1,0,0,0,0,0,0,0,0,0,51955,1.98,0,0,1
高雄市鹽埕區,104,0,0,0,0,0,0,0,0,0,0,0,0,0,0,0,0,0,0,0,0,0,0,0,0,25032,1.42,0,0,1
臺北市大安區,104,1,0,0,0,1,0,0,0,0,0,0,0,0,1,0,0,1,0,0,0,0,2,0,0,313058,11.36,1,0,0
臺北市大同區,104,0,0,0,0,0,0,0,0,0,0,0,1,0,0,0,0,0,0,0,0,1,0,0,0,130929,5.68,1,0,0
臺北市松山區,104,0,0,0,0,0,0,0,0,0,0,0,0,0,0,0,0,0,0,0,0,0,0,0,0,209714,9.29,1,0,0
臺北市萬華區,104,0,1,0,0,1,0,0,1,0,0,0,0,0,0,0,0,0,0,0,0,0,0,0,0,194339,8.85,1,0,0
臺北市信義區,104,0,0,1,0,0,0,0,0,0,0,0,0,0,0,0,0,0,0,0,0,1,0,0,0,229211,11.21,1,0,0
臺北市中山區,104,0,0,1,0,0,0,1,2,0,1,0,0,0,0,0,1,0,0,0,1,0,0,0,0,231350,13.68,1,0,0
臺北市中正區,104,0,1,0,0,0,1,0,0,1,0,0,1,0,1,0,0,1,0,0,0,0,1,1,1,162475,7.61,1,0,0
臺中市北區,104,0,0,0,0,0,0,0,0,0,0,0,0,1,0,0,0,0,0,0,0,0,0,0,0,147547,6.94,0,1,0
臺中市南區,104,0,0,0,0,0,0,0,0,0,0,0,1,0,0,0,0,0,0,0,0,0,0,0,0,121786,6.81,0,1,0
臺中市西區,104,0,0,0,0,0,0,0,0,1,0,0,1,0,0,0,0,0,0,0,1,0,0,0,0,115693,5.7,0,1,0
臺中市中區,104,0,0,0,0,0,0,0,0,0,0,0,0,0,1,0,0,0,0,0,0,0,0,0,0,19020,0.88,0,1,0
新北市板橋區,104,0,0,0,0,1,0,0,1,1,0,0,0,0,0,0,0,0,0,0,0,0,0,0,1,554236,23.14,1,0,0
新北市蘆洲區,104,0,0,0,0,0,0,0,0,0,0,0,0,0,0,0,0,0,0,0,0,0,0,0,0,200095,7.44,1,0,0
新北市三重區,104,0,0,0,0,0,0,0,0,0,0,0,0,0,0,1,0,0,0,0,0,0,0,0,0,388447,16.32,1,0,0
新北市新莊區,104,0,0,1,0,0,0,0,0,1,0,1,0,0,0,0,0,0,0,0,0,1,0,0,0,413243,19.74,1,0,0
新北市永和區,104,0,0,0,0,0,0,0,0,0,1,1,0,0,0,1,0,0,0,0,0,0,0,0,0,225409,5.71,1,0,0
新北市中和區,104,0,0,0,0,0,1,0,0,0,0,0,0,0,0,0,1,0,0,0,0,1,0,1,2,414304,20.14,1,0,0
高雄市苓雅區,105,0,0,1,0,0,0,0,0,0,0,0,0,0,0,0,0,0,0,0,0,0,0,0,0,172895,8.15,0,0,1
高雄市旗津區,105,0,0,0,0,0,0,0,1,0,0,1,0,0,0,0,0,0,0,0,0,0,0,0,0,28898,1.46,0,0,1
高雄市三民區,105,0,0,0,1,0,0,0,0,0,1,4,0,0,0,0,0,2,0,0,0,0,0,2,0,344888,19.79,0,0,1
高雄市新興區,105,0,0,0,0,0,0,0,0,0,1,0,0,0,0,0,0,0,0,0,0,0,0,0,0,51431,1.98,0,0,1
高雄市鹽埕區,105,0,0,0,0,0,0,0,0,0,0,0,0,0,0,0,0,0,0,0,0,0,0,0,0,24659,1.42,0,0,1
臺北市大安區,105,1,0,0,0,0,0,0,0,0,0,0,0,0,1,0,0,1,0,0,0,1,1,0,0,311506,11.36,1,0,0
臺北市大同區,105,0,0,0,0,0,0,0,0,0,0,0,1,0,0,0,0,0,0,0,0,0,0,0,0,130071,5.68,1,0,0
臺北市松山區,105,0,0,0,0,0,0,0,0,0,0,0,0,0,0,0,0,0,0,1,0,1,0,0,0,208326,9.29,1,0,0
臺北市萬華區,105,0,0,0,0,0,2,1,0,0,0,2,1,0,0,0,0,0,0,0,1,0,0,0,0,193539,8.85,1,0,0
臺北市信義區,105,0,0,0,0,0,0,0,0,0,1,0,0,0,0,0,0,0,0,0,0,0,0,1,0,227823,11.21,1,0,0
臺北市中山區,105,0,0,0,0,0,0,0,0,0,0,0,0,1,0,0,0,0,0,1,0,0,0,0,0,231247,13.68,1,0,0
臺北市中正區,105,0,0,0,0,0,1,0,0,0,0,1,0,0,1,0,0,0,0,0,0,0,0,0,1,160403,7.61,1,0,0
臺中市北區,105,1,0,0,0,0,0,0,1,0,1,0,0,0,0,0,0,0,0,0,0,0,0,0,0,147585,6.94,0,1,0
臺中市南區,105,0,0,0,0,0,0,0,0,0,0,0,0,1,0,0,0,0,0,0,0,0,0,0,0,123502,6.81,0,1,0
臺中市西區,105,0,0,0,0,0,0,0,0,0,1,0,0,0,0,0,0,0,0,0,0,0,0,1,0,115747,5.7,0,1,0
臺中市中區,105,0,0,0,0,0,0,0,0,0,0,0,0,0,0,0,0,0,0,0,0,0,0,0,0,18708,0.88,0,1,0
新北市板橋區,105,2,0,0,1,1,1,1,0,0,0,0,0,2,0,0,0,0,0,0,0,0,0,0,1,552285,23.14,1,0,0
新北市蘆洲區,105,0,0,0,0,0,0,0,0,0,1,0,0,0,0,0,0,0,0,0,0,0,0,0,0,200702,7.44,1,0,0
新北市三重區,105,1,0,0,0,2,0,0,1,1,0,0,0,0,0,0,0,0,0,0,0,0,0,0,0,388581,16.32,1,0,0
新北市新莊區,105,1,0,0,0,0,0,0,0,0,0,0,0,0,0,0,0,0,0,0,1,0,0,1,0,414156,19.74,1,0,0
新北市永和區,105,0,0,2,0,0,0,0,0,1,0,0,0,0,0,0,0,0,0,0,0,0,0,0,0,223999,5.71,1,0,0
新北市中和區,105,0,0,1,0,0,0,0,1,0,0,0,0,0,0,0,0,0,0,0,0,0,0,0,1,414266,20.14,1,0,0
高雄市苓雅區,106,0,0,0,0,0,0,1,0,0,0,0,0,0,0,0,0,0,1,0,0,0,0,0,0,171033,8.15,0,0,1
高雄市旗津區,106,0,0,0,0,0,0,0,0,0,0,0,0,0,0,0,0,0,0,0,0,0,0,0,0,28763,1.46,0,0,1
高雄市三民區,106,1,0,0,0,1,1,1,0,0,1,0,0,0,0,0,0,0,0,0,1,0,0,0,0,343243,19.79,0,0,1
高雄市新興區,106,0,0,0,0,0,0,0,0,1,0,0,0,0,0,1,0,0,0,0,0,1,0,0,0,51153,1.98,0,0,1
高雄市鹽埕區,106,0,0,0,0,0,0,0,0,0,0,0,0,0,0,0,0,0,0,0,0,0,0,0,0,24219,1.42,0,0,1
臺北市大安區,106,1,0,1,1,0,1,1,0,0,0,1,0,0,0,0,0,0,0,0,0,0,0,0,0,309969,11.36,1,0,0
臺北市大同區,106,0,0,0,0,1,0,0,0,0,0,0,0,0,0,0,0,0,0,0,0,0,0,0,0,129278,5.68,1,0,0
臺北市松山區,106,0,0,0,0,0,0,1,0,0,0,0,0,0,1,0,0,0,0,0,0,0,0,0,0,206988,9.29,1,0,0
臺北市萬華區,106,1,0,0,0,0,0,0,0,1,0,0,0,0,0,1,0,0,0,0,0,0,0,0,0,191850,8.85,1,0,0
臺北市信義區,106,1,0,0,0,0,0,0,0,0,0,0,0,0,0,0,1,0,0,0,0,0,0,0,0,225753,11.21,1,0,0
臺北市中山區,106,0,1,0,0,0,0,0,0,1,0,0,0,0,0,0,1,0,0,0,0,0,0,0,0,230710,13.68,1,0,0
臺北市中正區,106,0,0,0,0,0,0,0,0,0,0,0,1,0,0,0,0,1,0,0,0,0,0,0,0,159608,7.61,1,0,0
臺中市北區,106,1,0,0,0,0,1,0,1,0,0,0,0,0,0,0,0,0,0,0,0,0,0,0,0,147653,6.94,0,1,0
臺中市南區,106,0,0,0,0,0,0,0,1,0,0,0,0,0,0,1,0,0,0,0,0,0,0,0,0,125067,6.81,0,1,0
臺中市西區,106,0,0,0,0,0,0,0,0,0,0,1,1,1,0,0,0,0,0,0,0,0,0,0,0,115627,5.7,0,1,0
臺中市中區,106,0,0,0,1,0,0,0,0,0,0,0,0,0,0,0,0,0,0,0,0,0,0,0,0,18450,0.88,0,1,0
新北市板橋區,106,1,1,1,1,1,1,2,0,1,1,0,1,1,0,0,2,0,0,0,0,0,1,0,0,551480,23.14,1,0,0
新北市蘆洲區,106,0,0,0,0,0,0,0,0,0,0,1,0,0,0,1,0,0,0,0,0,0,0,0,0,201309,7.44,1,0,0
新北市三重區,106,0,2,0,0,0,0,0,1,0,0,0,1,0,0,0,0,0,0,0,0,0,0,0,0,387484,16.32,1,0,0
新北市新莊區,106,0,0,0,0,0,2,0,0,0,0,0,0,0,0,1,0,0,0,0,1,0,0,0,0,416524,19.74,1,0,0
新北市永和區,106,0,0,0,0,0,0,0,0,0,0,1,0,0,0,0,0,0,0,0,0,0,0,0,0,222585,5.71,1,0,0
新北市中和區,106,1,0,0,1,0,0,1,0,1,0,0,0,0,0,0,0,0,0,0,0,0,1,0,0,413590,20.14,1,0,0
高雄市苓雅區,107,0,0,0,0,0,0,0,0,0,0,0,2,0,0,0,0,0,0,1,0,1,0,0,0,169648,8.15,0,0,1
高雄市旗津區,107,0,0,0,0,0,0,0,0,0,0,0,0,0,0,1,0,0,0,0,0,0,0,0,0,28506,1.46,0,0,1
高雄市三民區,107,0,1,0,0,0,0,0,1,0,1,1,1,0,0,1,0,0,0,0,0,0,1,2,0,340913,19.79,0,0,1
高雄市新興區,107,1,0,0,0,0,0,0,0,0,0,0,0,0,0,0,0,0,1,0,0,0,0,0,1,51032,1.98,0,0,1
高雄市鹽埕區,107,0,0,0,0,0,0,0,0,0,0,0,0,0,0,0,0,0,0,0,0,0,1,0,0,24059,1.42,0,0,1
臺北市大安區,107,0,1,0,0,0,0,0,0,0,0,0,0,0,0,0,0,1,0,0,1,0,0,1,1,308843,11.36,1,0,0
臺北市大同區,107,0,0,1,0,0,2,0,1,0,0,0,0,0,0,0,0,0,1,1,0,0,0,0,0,127625,5.68,1,0,0
臺北市松山區,107,0,0,0,0,0,0,0,0,0,0,0,0,0,0,1,0,1,0,0,0,0,1,0,0,205702,9.29,1,0,0
臺北市萬華區,107,0,1,0,0,0,0,0,1,0,0,0,0,0,0,0,2,0,0,0,0,0,0,0,0,189603,8.85,1,0,0
臺北市信義區,107,0,0,0,0,0,0,1,0,0,0,0,1,0,0,0,0,0,0,0,0,0,0,0,0,223406,11.21,1,0,0
臺北市中山區,107,0,0,0,0,0,0,0,1,1,0,3,0,0,0,0,0,0,0,0,0,0,0,0,1,229456,13.68,1,0,0
臺北市中正區,107,0,0,0,0,0,0,0,0,0,0,0,0,0,0,0,0,0,0,1,0,0,0,0,0,159000,7.61,1,0,0
臺中市北區,107,0,0,0,0,0,0,0,0,0,0,0,0,1,0,0,0,0,0,0,0,1,0,0,0,147557,6.94,0,1,0
臺中市南區,107,0,0,0,0,0,0,0,0,0,0,0,0,0,0,0,1,0,0,0,0,0,0,0,0,125874,6.81,0,1,0
臺中市西區,107,0,0,0,0,1,0,0,0,0,0,0,0,0,0,0,0,0,0,0,0,0,0,0,0,115698,5.7,0,1,0
臺中市中區,107,0,0,0,0,0,0,0,0,0,0,0,0,0,0,1,0,0,0,0,0,0,0,0,0,18514,0.88,0,1,0
新北市板橋區,107,1,0,0,2,2,0,0,0,0,1,1,0,1,1,0,0,0,0,1,0,0,1,0,0,554742,23.14,1,0,0
新北市蘆洲區,107,0,0,0,0,0,0,0,0,0,0,0,0,0,0,0,0,0,0,0,0,0,0,0,0,201332,7.44,1,0,0
新北市三重區,107,0,0,0,1,0,1,0,1,0,1,2,0,0,0,0,0,0,0,0,1,0,0,0,0,385826,16.32,1,0,0
新北市新莊區,107,0,0,0,1,0,0,0,1,0,1,0,0,0,0,2,0,0,0,0,0,0,0,1,1,417754,19.74,1,0,0
新北市永和區,107,0,0,0,0,0,0,0,1,2,0,0,0,0,0,0,0,0,0,0,0,0,0,0,0,221098,5.71,1,0,0
新北市中和區,107,0,0,0,1,0,0,0,0,0,1,0,0,0,0,0,0,0,0,0,0,0,0,0,0,412486,20.14,1,0,0
高雄市苓雅區,108,0,0,1,0,0,0,0,0,0,1,0,0,0,0,2,0,0,0,0,1,0,0,0,0,168825,8.15,0,0,1
高雄市旗津區,108,0,0,0,0,0,0,0,0,0,0,0,0,0,0,0,0,0,0,0,0,0,0,0,0,28129,1.46,0,0,1
高雄市三民區,108,1,0,0,2,0,0,1,0,1,0,0,1,0,0,0,0,0,0,0,0,0,0,0,1,339269,19.79,0,0,1
高雄市新興區,108,0,0,0,0,0,0,0,0,0,0,0,0,0,0,1,0,1,0,0,0,0,0,0,0,51014,1.98,0,0,1
高雄市鹽埕區,108,0,0,0,0,0,0,0,0,0,0,0,0,0,0,0,0,0,0,0,0,0,0,0,0,23889,1.42,0,0,1
臺北市大安區,108,1,0,0,1,0,0,0,0,1,0,1,0,0,0,0,1,1,1,0,0,0,0,1,0,307631,11.36,1,0,0
臺北市大同區,108,0,0,0,2,0,0,1,0,0,0,0,0,0,0,0,0,0,0,1,0,0,0,0,0,126043,5.68,1,0,0
臺北市松山區,108,0,0,0,0,0,0,0,0,0,0,0,0,0,0,0,0,0,0,0,0,0,0,0,0,204193,9.29,1,0,0
臺北市萬華區,108,0,0,0,1,0,0,0,0,0,0,0,0,1,0,0,0,1,0,0,0,0,0,0,0,187076,8.85,1,0,0
臺北市信義區,108,0,0,0,0,0,1,0,0,0,1,0,0,0,1,1,0,0,0,0,0,0,0,0,0,220021,11.21,1,0,0
臺北市中山區,108,0,0,0,1,1,0,1,0,0,1,0,1,0,1,0,2,0,1,0,0,0,0,0,0,227387,13.68,1,0,0
臺北市中正區,108,0,0,0,0,0,0,0,1,0,0,0,0,0,0,0,0,0,0,0,0,1,0,0,0,158014,7.61,1,0,0
臺中市北區,108,0,1,0,0,2,0,0,1,0,1,0,0,0,0,0,0,0,0,0,0,0,0,0,0,147391,6.94,0,1,0
臺中市南區,108,0,0,0,0,0,0,0,0,0,1,0,0,0,0,0,0,1,1,0,0,0,0,0,0,126571,6.81,0,1,0
臺中市西區,108,1,0,1,0,0,0,0,0,1,0,0,0,1,0,0,0,1,0,0,0,0,0,0,0,115273,5.7,0,1,0
臺中市中區,108,0,0,0,0,0,0,0,1,0,0,0,0,0,0,0,0,0,0,0,0,0,0,1,0,18390,0.88,0,1,0
新北市板橋區,108,2,0,1,0,1,1,0,1,2,0,1,1,1,0,0,0,0,0,0,0,1,0,0,0,556897,23.14,1,0,0
新北市蘆洲區,108,2,0,0,0,0,1,0,0,0,0,0,0,0,0,0,0,0,0,0,0,0,0,0,0,201883,7.44,1,0,0
新北市三重區,108,1,0,1,2,1,1,1,0,1,0,0,0,2,0,0,0,0,0,0,0,0,1,1,0,386336,16.32,1,0,0
新北市新莊區,108,0,1,0,2,2,1,0,0,0,1,0,1,0,1,1,0,1,0,0,1,0,1,1,0,420473,19.74,1,0,0
新北市永和區,108,0,0,0,0,0,0,0,1,0,0,0,0,0,0,0,0,0,0,0,1,0,0,0,0,220595,5.71,1,0,0
新北市中和區,108,0,0,0,1,0,0,0,0,0,0,0,0,0,0,0,0,0,0,0,0,0,0,0,0,413069,20.14,1,0,0
高雄市苓雅區,109,0,0,0,0,0,1,0,0,0,0,0,0,0,0,0,0,0,0,0,0,0,0,0,0,167280,8.15,0,0,1
高雄市旗津區,109,1,0,0,0,0,0,0,1,0,1,0,0,0,0,0,0,0,0,0,0,0,0,0,0,27785,1.46,0,0,1
高雄市三民區,109,1,1,1,1,0,1,0,0,0,0,1,0,1,0,0,1,0,0,1,0,1,0,0,0,336868,19.79,0,0,1
高雄市新興區,109,0,0,0,1,0,1,0,0,0,0,0,0,0,1,0,0,0,0,0,0,0,0,0,0,50490,1.98,0,0,1
高雄市鹽埕區,109,0,0,0,0,0,0,0,0,1,0,0,0,0,0,0,0,0,0,0,0,0,0,0,0,23553,1.42,0,0,1
臺北市大安區,109,0,0,0,0,0,0,0,0,0,1,0,0,1,0,0,0,0,0,0,0,0,0,0,0,302644,11.36,1,0,0
臺北市大同區,109,0,1,0,0,0,0,0,0,0,0,1,0,0,0,0,0,0,0,0,0,0,0,0,0,123849,5.68,1,0,0
臺北市松山區,109,0,0,0,0,0,0,0,0,0,0,0,0,0,0,0,0,0,0,0,0,0,0,0,0,200316,9.29,1,0,0
臺北市萬華區,109,0,0,0,0,0,1,0,0,1,0,0,1,0,0,0,0,0,0,0,0,0,0,0,0,183088,8.85,1,0,0
臺北市信義區,109,0,1,1,0,0,0,0,0,0,0,0,0,0,0,0,0,0,0,0,0,0,0,0,0,215240,11.21,1,0,0
臺北市中山區,109,0,0,0,0,0,0,0,0,0,0,0,0,0,0,0,0,1,1,1,0,0,0,0,1,223876,13.68,1,0,0
臺北市中正區,109,1,0,0,0,1,0,0,0,0,0,0,0,0,0,0,0,0,0,1,0,0,1,0,0,155397,7.61,1,0,0
臺中市北區,109,0,0,0,0,0,0,1,0,0,0,0,0,0,1,0,0,0,0,0,0,0,0,0,0,146590,6.94,0,1,0
臺中市南區,109,0,0,0,2,0,0,0,0,0,1,0,1,0,0,0,0,0,0,0,0,0,0,0,0,126769,6.81,0,1,0
臺中市西區,109,1,0,1,0,0,0,0,0,0,0,0,1,0,0,0,0,0,0,0,0,0,0,0,0,114583,5.7,0,1,0
臺中市中區,109,0,0,0,0,0,0,0,0,0,0,0,0,1,0,0,0,0,0,1,0,0,0,0,0,18168,0.88,0,1,0
新北市板橋區,109,1,1,0,0,1,1,1,3,0,0,0,0,0,0,0,0,0,0,2,0,0,0,0,0,557114,23.14,1,0,0
新北市蘆洲區,109,0,0,0,0,0,0,0,0,0,0,1,0,1,0,0,0,0,0,0,0,0,0,0,0,202456,7.44,1,0,0
新北市三重區,109,1,1,1,0,1,0,0,1,0,1,0,1,0,0,0,0,0,0,0,0,0,0,0,0,385328,16.32,1,0,0
新北市新莊區,109,0,2,3,1,0,0,1,1,0,0,1,2,0,0,1,0,0,0,0,0,0,1,0,0,422653,19.74,1,0,0
新北市永和區,109,0,0,0,1,0,0,0,0,0,0,0,0,0,0,1,0,0,0,0,0,0,0,0,0,219364,5.71,1,0,0
新北市中和區,109,0,0,0,0,0,0,0,1,1,0,0,0,0,0,0,0,0,0,0,0,0,0,0,0,411214,20.14,1,0,0
高雄市苓雅區,110,0,0,0,0,0,0,0,0,4,0,0,0,0,0,1,0,0,0,0,0,0,0,0,0,164572,8.15,0,0,1
高雄市旗津區,110,0,0,0,0,0,0,0,0,0,0,0,0,0,0,0,0,0,0,0,0,0,0,0,0,27204,1.46,0,0,1
高雄市三民區,110,0,0,1,1,0,0,0,1,0,1,0,1,0,1,1,0,0,1,0,1,0,0,2,0,333038,19.79,0,0,1
高雄市新興區,110,0,0,0,0,0,0,0,0,0,0,0,0,0,0,0,0,0,0,0,0,0,0,0,0,49383,1.98,0,0,1
高雄市鹽埕區,110,0,0,0,0,0,0,0,0,0,0,0,0,0,0,0,0,0,0,0,0,0,0,0,0,22912,1.42,0,0,1
臺北市大安區,110,1,0,0,1,0,0,0,0,0,0,0,0,0,0,1,0,0,0,0,0,0,0,0,0,291410,11.36,1,0,0
臺北市大同區,110,0,0,1,0,0,0,0,0,0,0,1,0,0,0,1,0,0,1,0,1,0,0,0,0,120772,5.68,1,0,0
臺北市松山區,110,0,0,0,1,0,0,0,0,0,0,0,0,0,0,0,0,0,0,0,0,0,0,1,0,193388,9.29,1,0,0
臺北市萬華區,110,1,1,0,0,0,0,0,0,0,0,1,1,0,2,0,0,0,0,0,0,0,0,0,1,176617,8.85,1,0,0
臺北市信義區,110,0,0,1,0,0,0,0,1,0,0,0,0,0,0,0,0,0,0,1,0,0,0,0,0,207500,11.21,1,0,0
臺北市中正區,110,0,1,0,1,0,0,0,1,0,0,0,0,0,0,0,0,0,1,0,0,0,0,0,1,150644,7.61,1,0,0
臺中市北區,110,0,0,0,0,0,0,0,1,0,0,0,0,0,0,1,0,0,1,1,0,0,0,0,0,143917,6.94,0,1,0
臺中市南區,110,0,0,0,0,0,1,0,0,0,0,0,0,0,1,1,0,1,0,1,0,0,0,0,0,126008,6.81,0,1,0
臺中市西區,110,0,0,0,1,0,0,1,0,0,2,0,0,0,0,0,0,0,1,0,0,0,0,0,0,112740,5.7,0,1,0
臺中市中區,110,0,0,1,0,0,0,0,0,0,0,0,0,0,0,0,0,0,0,0,0,0,0,0,0,17689,0.88,0,1,0
新北市板橋區,110,2,2,0,0,0,0,1,0,1,0,1,0,0,0,0,0,0,1,0,0,0,0,0,0,552713,23.14,1,0,0
新北市蘆洲區,110,1,0,0,0,0,0,0,0,0,0,0,0,0,0,0,0,0,0,0,0,0,0,0,1,201489,7.44,1,0,0
新北市三重區,110,0,0,0,1,1,0,1,0,2,1,1,2,0,1,0,0,0,1,0,0,0,0,0,0,381731,16.32,1,0,0
新北市新莊區,110,0,1,1,0,1,0,0,3,0,1,0,1,1,0,0,0,0,0,1,0,0,1,0,0,421381,19.74,1,0,0
新北市永和區,110,0,0,0,1,1,0,1,0,0,0,0,0,0,0,0,0,0,1,0,0,0,0,0,0,214967,5.71,1,0,0
新北市中和區,110,1,0,0,0,0,0,0,0,0,0,0,0,0,0,0,0,0,0,0,0,1,1,1,0,406140,20.14,1,0,0
